{"cameraMode":{"drawMode":0,"name":"Shaded","section":"Shading Mode"},"sceneLighting":true,"audioPlay":false,"sceneViewState":{"showFog":true,"showMaterialUpdate":false,"showSkybox":true,"showFlares":true,"showImageEffects":true,"showParticleSystems":true},"in2DMode":false,"pivot":{"x":-1.0512983798980713,"y":0.6605865955352783,"z":-4.2477498054504398},"rotation":{"x":-0.01704581454396248,"y":-0.978667140007019,"z":-0.08946244418621063,"w":0.18475794792175294},"size":2.786914110183716,"orthographic":false}