{"cameraMode":{"drawMode":0,"name":"Shaded","section":"Shading Mode"},"sceneLighting":false,"audioPlay":false,"sceneViewState":{"showFog":true,"showMaterialUpdate":false,"showSkybox":false,"showFlares":true,"showImageEffects":true,"showParticleSystems":true},"in2DMode":false,"pivot":{"x":262.60260009765627,"y":-69.35594940185547,"z":736.8773803710938},"rotation":{"x":0.04373295605182648,"y":-0.05061524733901024,"z":0.0024867525789886715,"w":0.9978631734848023},"size":1172.2366943359375,"orthographic":false}